,City,Cloudiness,Country,Date,Humidity,Lat,Lng,Max Temp,Wind Speed
0,Punta Arenas,75,CL,1562187931,74,-53.16,-70.91,33.8,8.05
1,Tuatapere,90,NZ,1562187933,81,-46.13,167.69,46.0,3.0
2,Hasaki,75,JP,1562187935,100,35.73,140.83,75.2,8.05
3,Kijang,34,KR,1562187936,93,35.24,129.21,66.2,4.7
4,New Norfolk,20,AU,1562187937,86,-42.78,147.06,39.99,4.7
5,Ancud,40,CL,1562187939,81,-41.87,-73.83,46.4,5.82
6,Pimentel,71,BR,1562187941,83,-3.7,-45.5,78.96,2.26
7,Iqaluit,20,CA,1562187943,81,63.75,-68.52,42.8,16.11
8,Yellowknife,75,CA,1562187944,67,62.45,-114.38,59.0,9.17
9,Cape Town,20,ZA,1562187945,93,-33.93,18.42,57.0,6.93
10,Arraial do Cabo,0,BR,1562187947,45,-22.97,-42.02,86.0,5.82
11,Harindanga,75,IN,1562187949,94,22.04,88.32,82.4,4.7
12,Puerto Ayora,20,EC,1562187950,61,-0.74,-90.35,77.0,23.04
13,Pangkalanbuun,100,ID,1562187951,98,-2.68,111.62,74.46,1.7
14,Norman Wells,75,CA,1562187953,67,65.28,-126.83,60.8,2.84
15,Bluff,9,AU,1562187955,87,-23.58,149.07,57.36,12.03
16,Fairmont,20,US,1562187956,62,40.64,-97.59,90.0,8.05
17,Kaitangata,80,NZ,1562187958,80,-46.28,169.85,45.0,4.0
18,Nikolskoye,90,RU,1562187959,87,59.7,30.79,57.2,13.42
19,Vaini,68,IN,1562187961,86,15.34,74.49,77.88,7.02
20,Pisco,0,PE,1562187963,30,-13.71,-76.2,71.6,9.17
21,Bambous Virieux,75,MU,1562187964,94,-20.34,57.76,69.8,5.82
22,Albany,1,US,1562187965,45,42.65,-73.75,90.0,4.7
23,Ushuaia,0,AR,1562187916,92,-54.81,-68.31,28.4,4.7
24,Busselton,100,AU,1562187969,38,-33.64,115.35,64.0,28.72
25,Qaanaaq,100,GL,1562187971,45,77.48,-69.36,46.74,1.52
26,Luderitz,0,NA,1562187972,82,-26.65,15.16,57.2,3.36
27,Tommot,100,RU,1562187974,90,58.97,126.27,44.76,5.86
28,Xai-Xai,0,MZ,1562187976,81,-25.04,33.64,58.8,3.91
29,Mataura,99,NZ,1562187977,81,-46.19,168.86,46.0,3.0
30,Hithadhoo,62,MV,1562187979,79,-0.6,73.08,83.28,12.86
31,Georgetown,40,GY,1562187912,79,6.8,-58.16,84.2,11.41
32,Montgomery,75,US,1562187981,83,32.37,-86.3,90.0,5.82
33,Kapaa,20,US,1562187711,69,22.08,-159.32,82.4,6.93
34,Port Alfred,0,ZA,1562187985,91,-33.59,26.89,57.0,3.0
35,Atuona,52,PF,1562187930,66,-9.8,-139.03,80.4,7.34
36,Rikitea,100,PF,1562187988,82,-23.12,-134.97,64.02,19.98
37,Yerofey Pavlovich,100,RU,1562187989,88,53.97,121.97,48.18,4.14
38,Natal,40,BR,1562187832,83,-5.81,-35.21,78.8,5.82
39,Mulanje,42,MW,1562187992,93,-16.03,35.5,60.78,10.36
40,Saint-Augustin,20,CA,1562187994,35,45.63,-73.98,90.0,4.7
41,Pangnirtung,75,CA,1562187995,71,66.15,-65.72,51.8,2.24
42,Chokurdakh,100,RU,1562187997,83,70.62,147.9,39.0,6.31
43,Christchurch,67,NZ,1562187998,65,-43.53,172.64,46.0,11.41
44,Torbay,90,CA,1562188000,76,47.66,-52.73,59.0,12.75
45,Mount Pleasant,40,US,1562187874,58,33.16,-94.97,91.4,3.36
46,Constantine,0,DZ,1562188002,47,36.36,6.61,80.6,2.24
47,Mackay,90,CA,1562188004,76,53.65,-115.58,59.0,5.82
48,Juuru,0,EE,1562188006,58,59.06,24.96,57.2,16.11
49,Nemuro,100,JP,1562188007,97,43.32,145.57,51.96,2.3
50,Nishihara,75,JP,1562188009,94,35.74,139.53,79.0,7.74
51,Carnarvon,0,ZA,1562188011,32,-30.97,22.13,46.56,6.08
52,Jamestown,0,AU,1562188012,91,-33.21,138.6,42.78,6.96
53,Saskylakh,100,RU,1562188014,77,71.97,114.09,49.98,7.81
54,Maragogi,0,BR,1562188016,92,-9.01,-35.22,73.56,4.0
55,Tongchuan,20,CN,1562188018,83,34.9,108.95,73.4,4.47
56,Alamosa,1,US,1562188019,14,37.47,-105.87,82.4,16.11
57,Thompson,75,CA,1562188020,54,55.74,-97.86,57.2,19.46
58,Bubaque,100,GW,1562188022,82,11.28,-15.83,80.76,13.87
59,Salalah,90,OM,1562188024,94,17.01,54.1,82.4,5.82
60,Mar del Plata,25,AR,1562187789,70,-46.43,-67.52,30.72,7.27
61,Henties Bay,0,NA,1562188026,64,-22.12,14.28,59.0,1.01
62,Hilo,40,US,1562188027,58,19.71,-155.08,82.4,9.17
63,Nome,1,US,1562188029,88,30.04,-94.42,86.0,3.36
64,Wonthaggi,10,AU,1562188031,85,-38.6,145.59,48.0,5.99
65,Misratah,0,LY,1562188032,69,32.38,15.09,78.06,14.94
66,Castro,40,CL,1562188034,81,-42.48,-73.76,46.4,5.82
67,Laguna,40,BZ,1562188035,59,16.17,-88.94,91.4,6.93
68,Lompoc,1,US,1562187752,77,34.64,-120.46,78.01,11.41
69,Hami,0,CN,1562188038,12,42.84,93.51,82.74,18.59
70,Victoria,75,BN,1562188040,88,5.28,115.24,80.6,2.06
71,Homer,1,US,1562188041,59,59.64,-151.54,77.0,9.17
72,Narasannapeta,97,IN,1562188043,76,18.42,84.04,81.48,3.53
73,Parabel,81,RU,1562188044,82,58.71,81.5,65.1,2.75
74,Namibe,18,AO,1562188046,90,-15.19,12.15,69.24,7.81
75,Hofn,100,IS,1562188047,94,64.25,-15.21,40.62,2.68
76,Bredasdorp,0,ZA,1562188049,87,-34.53,20.04,53.6,2.24
77,Grenada,40,US,1562187992,62,33.77,-89.81,89.6,4.7
78,Iquique,20,CL,1562188051,63,-20.22,-70.14,62.6,11.41
79,Esperance,0,AU,1562188053,81,-33.86,121.89,50.0,17.22
80,Los Llanos de Aridane,40,ES,1562188055,73,28.66,-17.92,71.6,17.22
81,Altay,32,CN,1562188057,54,47.83,88.13,52.68,5.3
82,Longyearbyen,75,NO,1562188058,75,78.22,15.63,44.6,4.5
83,Korcula,0,HR,1562188059,48,42.96,17.14,86.0,2.24
84,Road Town,40,VG,1562188061,51,18.42,-64.62,86.0,11.41
85,Paris,0,FR,1562187781,45,48.86,2.35,69.8,11.41
86,Port Hedland,0,AU,1562187900,58,-20.31,118.58,57.2,8.05
87,Key West,20,US,1562187902,44,47.93,-96.78,81.0,5.82
88,Fortuna,20,US,1562188066,77,40.6,-124.16,68.0,13.87
89,Tumbes,75,PE,1562188067,33,-3.57,-80.46,89.6,11.41
90,Tulu Bolo,7,ET,1562188069,93,8.66,38.21,55.56,1.68
91,Znamenskoye,67,RU,1562188070,97,57.13,73.82,55.02,5.79
92,Barrow,88,AR,1562188072,64,-38.31,-60.23,41.52,12.75
93,Bowen,40,AU,1562188073,82,-20.01,148.25,69.01,13.87
94,Lebu,14,ET,1562188075,87,8.96,38.73,57.0,0.6
95,Butaritari,0,KI,1562188076,67,3.07,172.79,84.18,4.32
96,Petropavlovsk-Kamchatskiy,90,RU,1562188078,100,53.05,158.65,46.4,1.01
97,Whyalla,0,AU,1562188079,87,-33.04,137.58,50.0,8.05
98,Tuktoyaktuk,40,CA,1562188080,59,69.44,-133.03,60.8,9.17
99,Lorengau,26,PG,1562188081,83,-2.02,147.27,78.06,5.46
100,Severo-Kurilsk,100,RU,1562188083,99,50.68,156.12,42.6,8.03
101,Deputatskiy,91,RU,1562188085,75,69.3,139.9,41.88,5.46
102,Rawson,91,AR,1562188086,60,-43.3,-65.11,36.48,13.42
103,Chapais,20,CA,1562188088,36,49.78,-74.86,80.6,5.82
104,Provideniya,90,RU,1562188089,87,64.42,-173.23,46.4,6.71
105,Guerrero Negro,0,MX,1562188091,84,27.97,-114.04,67.08,15.86
106,Nicoya,40,CR,1562187830,59,10.15,-85.45,89.6,18.34
107,Mocuba,34,MZ,1562188093,98,-16.84,36.99,63.84,2.57
108,Shache,92,CN,1562188095,28,38.42,77.24,78.42,23.58
109,La Tuque,0,CA,1562188097,29,47.44,-72.79,82.38,8.5
110,Talnakh,0,RU,1562188098,55,69.49,88.39,64.4,4.47
111,Richards Bay,0,ZA,1562188100,71,-28.77,32.06,65.64,8.23
112,Umrala,100,IN,1562188102,72,21.84,71.8,83.1,11.83
113,Bereznik,30,RU,1562188104,87,62.86,42.71,53.58,2.24
114,Hermanus,0,ZA,1562188049,85,-34.42,19.24,57.0,4.0
115,Jiazi,0,CN,1562188106,94,19.61,110.49,80.6,6.71
116,Buala,4,SB,1562188108,84,-8.15,159.59,80.04,9.06
117,Cherskiy,88,RU,1562188110,58,68.75,161.3,50.34,6.69
118,Antalaha,10,MG,1562188111,98,-14.9,50.28,62.04,4.0
119,Ilulissat,20,GL,1562187876,61,69.22,-51.1,46.4,6.93
120,Nalut,0,LY,1562188114,58,31.86,10.98,74.28,13.42
121,Straumen,90,NO,1562188116,81,63.87,11.3,46.0,12.75
122,Sitka,0,US,1562188114,53,37.17,-99.65,89.01,7.0
123,Pierre,1,US,1562188118,57,44.37,-100.35,86.0,3.76
124,Hobart,20,AU,1562187928,86,-42.88,147.33,39.99,4.7
125,Kruisfontein,0,ZA,1562188085,80,-34.0,24.73,51.42,2.42
126,Faanui,59,PF,1562188122,74,-16.48,-151.75,77.16,31.34
127,Bethel,90,US,1562188123,100,60.79,-161.76,53.6,21.92
128,Kudahuvadhoo,56,MV,1562188125,73,2.67,72.89,82.92,4.68
129,Coruripe,0,BR,1562188127,93,-10.12,-36.18,72.48,5.53
130,Codrington,90,AU,1562188128,100,-28.95,153.24,68.0,6.55
131,Susangerd,0,IR,1562188130,22,31.56,48.19,96.8,11.41
132,Vestmannaeyjar,20,IS,1562188131,82,63.44,-20.27,50.34,11.41
133,West Wendover,1,US,1562188133,21,40.74,-114.07,82.4,11.41
134,Tiksi,100,RU,1562188134,90,71.64,128.87,39.0,2.62
135,Kriel,0,ZA,1562188136,67,-26.26,29.26,37.0,1.54
136,Itarema,25,BR,1562188138,86,-2.92,-39.92,76.44,5.77
137,Praia,0,BR,1562188139,29,-20.25,-43.81,78.8,8.05
138,Saint-Pierre,0,FR,1562188141,55,48.95,4.24,68.0,12.75
139,Asyut,0,EG,1562188143,33,27.18,31.19,86.0,9.17
140,Searcy,40,US,1562188144,66,35.25,-91.74,91.99,12.75
141,Semporna,75,MY,1562188146,100,4.48,118.61,73.4,3.36
142,Port Lincoln,0,AU,1562188148,78,-34.72,135.86,56.82,16.75
143,Narsaq,20,GL,1562188149,38,60.91,-46.05,59.0,8.05
144,Lubbock,1,US,1562188057,28,33.58,-101.86,96.01,11.41
145,Bathsheba,20,BB,1562188152,58,13.22,-59.52,87.8,21.92
146,Mahebourg,75,MU,1562188154,94,-20.41,57.7,69.8,5.82
147,Popovo,19,BG,1562188155,83,43.35,26.23,69.8,13.87
148,Westport,20,US,1562188157,48,41.14,-73.36,89.01,3.36
149,Birao,60,CF,1562188159,74,10.3,22.78,78.06,6.78
150,Jumla,99,NP,1562188160,94,29.28,82.18,56.82,2.44
151,Upernavik,100,GL,1562188162,85,72.79,-56.15,40.8,10.69
152,Bocas del Toro,100,PA,1562188163,48,9.33,-82.25,62.01,5.01
153,Newport,20,US,1562188165,58,41.49,-71.31,91.0,13.87
154,Nanortalik,67,GL,1562188166,75,60.14,-45.24,44.22,4.54
155,Wajima,100,JP,1562188167,93,37.4,136.9,68.34,2.73
156,Belyy Yar,100,RU,1562188169,100,53.6,91.39,51.8,2.24
157,Sao Felix do Xingu,100,BR,1562188171,66,-6.64,-51.99,80.58,1.03
158,Luanda,0,AO,1562187948,88,-8.83,13.24,71.6,9.26
159,Cidreira,0,BR,1562188174,50,-30.17,-50.22,50.7,12.68
160,Tungor,100,RU,1562188175,86,53.39,142.95,49.8,15.86
161,Bacolod,100,PH,1562188177,82,10.68,122.95,79.5,8.05
162,Buchanan,75,LR,1562188178,94,5.88,-10.05,78.8,5.82
163,Cabedelo,40,BR,1562188179,88,-6.97,-34.84,78.8,1.12
164,Hirara,98,JP,1562188181,85,24.8,125.28,84.36,21.7
165,Dunedin,14,NZ,1562188121,67,-45.87,170.5,48.99,18.01
166,Bataipora,100,BR,1562188175,96,-22.3,-53.27,66.9,2.89
167,Kodiak,40,US,1562188154,27,39.95,-94.76,91.0,14.99
168,Evensk,100,RU,1562188187,93,61.92,159.24,47.82,7.34
169,Byron Bay,40,AU,1562188188,68,-28.65,153.62,68.0,18.34
170,East London,0,ZA,1562188190,77,-33.02,27.91,53.58,3.33
171,Amapa,20,HN,1562188191,49,15.09,-87.97,93.2,17.22
172,Opuwo,0,NA,1562188192,25,-18.06,13.84,53.76,6.42
173,Zhangjiakou,44,CN,1562188194,45,40.77,114.88,60.42,3.6
174,Biltine,1,TD,1562188196,36,14.53,20.93,92.64,6.64
175,Mpika,0,ZM,1562188197,76,-11.84,31.4,60.6,7.38
176,Cayenne,0,GF,1562188120,70,4.94,-52.33,84.2,11.41
177,Moindou,0,NC,1562188200,93,-21.69,165.68,66.2,2.24
178,Aswan,0,EG,1562188130,15,24.09,32.9,95.0,14.99
179,San Patricio,0,PY,1562188203,71,-26.98,-56.83,51.6,6.24
180,Hamilton,75,CA,1562188177,65,43.26,-79.87,88.0,3.36
181,Dikson,96,RU,1562188206,84,73.51,80.55,37.02,10.2
182,Zyryanskoye,6,RU,1562188207,98,56.83,86.62,61.68,6.35
183,Muriwai Beach,100,NZ,1562188208,100,-36.82,174.45,63.0,9.17
184,Sao Filipe,95,CV,1562188210,86,14.9,-24.5,73.92,13.53
185,Chuy,42,UY,1562188211,67,-33.69,-53.46,46.74,16.46
186,Mount Gambier,19,AU,1562188212,100,-37.83,140.78,42.8,5.82
187,Rome,0,IT,1562187965,50,41.89,12.48,80.01,2.24
188,Kotido,100,UG,1562188215,78,3.01,34.12,68.34,5.19
189,Sambava,0,MG,1562188216,93,-14.27,50.17,63.84,3.78
190,Port Macquarie,75,AU,1562188218,93,-31.43,152.91,57.0,1.12
191,Shingu,100,JP,1562188219,100,33.72,135.99,69.24,8.5
192,Pendleton,1,US,1562188221,59,34.65,-82.78,96.8,3.36
193,Panorama,100,BR,1562188222,52,-21.35,-51.86,77.88,4.7
194,Wadena,34,CA,1562188224,58,51.95,-103.8,63.66,9.95
195,Yumen,53,CN,1562188227,19,40.29,97.04,78.96,9.89
196,Port Blair,100,IN,1562188079,80,11.67,92.75,83.46,24.56
197,Tecalitlan,75,MX,1562188034,46,19.47,-103.3,91.4,3.04
198,Aklavik,75,CA,1562188233,49,68.22,-135.01,69.8,9.17
199,Ludvika,11,SE,1562188234,61,60.15,15.18,54.0,6.93
200,Placerville,1,US,1562188005,38,38.73,-120.8,90.0,9.17
201,Zhigansk,0,RU,1562188236,63,66.77,123.37,49.44,11.52
202,Waingapu,58,ID,1562188238,90,-9.65,120.26,67.08,8.84
203,Flinders,90,AU,1562188239,100,-34.58,150.85,57.0,8.05
204,Rio Grande,0,BR,1562188241,72,-32.03,-52.1,53.6,14.99
205,Porto Novo,0,BR,1562188243,44,-23.68,-45.44,77.0,3.36
206,Ranong,100,TH,1562188245,79,9.96,98.62,83.1,18.72
207,Leh,0,IN,1562188246,45,34.16,77.58,35.94,4.27
208,Ardmore,1,US,1562188247,58,34.99,-86.85,91.99,5.82
209,Banjar,84,ID,1562188249,97,-7.37,108.54,70.5,1.34
210,Iskateley,0,RU,1562188250,69,67.68,53.15,64.74,9.33
211,San Lazaro,75,BZ,1562188252,74,18.04,-88.66,89.6,11.41
212,Yumaguzino,0,RU,1562188253,93,52.9,56.39,56.64,4.27
213,Jaca,20,ES,1562188254,39,42.57,-0.55,80.01,9.17
214,Ostrovnoy,100,RU,1562188256,97,68.05,39.51,48.0,9.24
215,Haapsalu,100,EE,1562188257,68,58.95,23.55,55.99,10.0
216,Tubuala,40,PA,1562188259,83,9.52,-79.03,82.4,4.7
217,Sokoni,5,CD,1562188260,69,-12.89,28.78,61.32,7.45
218,Srednekolymsk,100,RU,1562188262,51,67.46,153.71,57.18,6.71
219,Fez,0,MA,1562188264,60,34.03,-5.02,71.6,12.75
220,Great Yarmouth,0,GB,1562188265,76,52.61,1.73,60.01,4.7
221,Wakema,100,MM,1562188267,92,16.6,95.18,77.88,6.87
222,Saint-Philippe,1,CA,1562188096,29,45.36,-73.48,90.0,3.36
223,Charters Towers,56,AU,1562188270,74,-20.07,146.27,60.42,7.02
224,Sable-sur-Sarthe,0,FR,1562188271,43,47.84,-0.33,73.4,5.82
225,Buin,20,CL,1562188273,62,-33.73,-70.74,61.0,3.36
226,Chifeng,0,CN,1562188275,49,42.27,118.96,65.82,8.43
227,Konevo,43,BG,1562188276,60,41.67,25.61,71.04,13.73
228,Creston,1,CA,1562188278,49,49.1,-116.52,72.0,4.47
229,Knin,0,HR,1562188158,74,44.04,16.2,78.8,4.7
230,Imst,40,AT,1562188280,68,47.24,10.74,68.0,3.36
231,Komsomolskiy,41,RU,1562188201,76,67.55,63.78,66.36,10.45
232,Vesyegonsk,100,RU,1562188283,97,58.67,37.27,51.6,8.46
233,Novopokrovka,0,UA,1562188284,48,49.84,36.56,66.2,6.71
234,Ribeira Grande,20,PT,1562188286,69,38.52,-28.7,73.4,5.82
235,Rabo de Peixe,20,PT,1562188287,82,37.8,-25.58,68.0,10.29
236,Raudeberg,75,NO,1562188289,93,61.99,5.14,46.4,11.41
237,Port Keats,1,AU,1562188291,31,-14.25,129.55,65.1,16.42
238,Bourail,65,NC,1562188292,79,-21.57,165.5,66.0,1.03
239,Sangar,0,RU,1562188294,50,63.92,127.47,51.6,3.96
240,Vila Franca do Campo,20,PT,1562188295,82,37.72,-25.43,68.0,10.29
241,Padang,74,ID,1562188253,79,-0.92,100.36,81.48,7.36
242,Santo Antonio do Ica,79,BR,1562188298,93,-3.1,-67.94,79.86,2.48
243,Masallatah,0,LY,1562188299,65,32.62,14.0,73.92,9.26
244,Ribas do Rio Pardo,70,BR,1562188301,59,-20.45,-53.76,74.1,5.06
245,Broken Hill,0,AU,1562188303,81,-31.97,141.45,42.8,12.75
246,Lakatoro,31,VU,1562188304,79,-16.11,167.42,79.14,5.46
247,Batagay,29,RU,1562188306,68,67.65,134.64,47.64,10.27
248,Banda Aceh,100,ID,1562188220,76,5.56,95.32,84.0,14.88
249,Bitung,40,ID,1562188309,100,1.44,125.19,73.4,1.68
250,Ponta do Sol,32,BR,1562188310,57,-20.63,-46.0,67.26,4.94
251,Moose Factory,20,CA,1562188312,57,51.26,-80.61,80.6,10.29
252,Nerchinskiy Zavod,56,RU,1562188313,96,51.31,119.61,55.74,8.16
253,Samarai,79,PG,1562188315,90,-10.62,150.67,71.04,4.52
254,Port Elizabeth,1,US,1562188316,52,39.31,-74.98,91.0,5.82
255,Atambua,2,ID,1562188317,74,-9.11,124.89,75.36,14.52
256,Berlevag,90,NO,1562188252,100,70.86,29.09,44.6,10.29
257,Comodoro Rivadavia,75,AR,1562188070,60,-45.87,-67.48,39.2,8.05
258,Alihe,77,CN,1562188321,86,50.57,123.73,58.08,1.36
259,Rancho Palos Verdes,40,US,1562188323,56,33.75,-118.37,82.0,4.7
260,Phan Thiet,95,VN,1562188324,93,10.93,108.1,70.86,4.45
261,Berzence,75,HR,1562188326,88,46.21,17.15,66.2,8.05
262,Jaru,30,BR,1562188327,56,-10.43,-62.48,85.62,3.11
263,Marfino,75,RU,1562188329,87,56.07,37.56,55.99,17.9
264,Burhar,100,IN,1562188331,83,23.21,81.54,78.96,5.73
265,Neiafu,40,TO,1562188332,78,-18.65,-173.98,77.0,13.87
266,Moramanga,0,MG,1562188334,83,-18.95,48.23,51.78,3.51
267,Dayong,90,CN,1562188336,94,25.02,118.29,80.6,2.24
268,Kayes,0,ML,1562188337,32,14.44,-11.44,97.5,4.03
269,Ponta Delgada,20,PT,1562188205,82,37.73,-25.67,68.0,10.29
270,Bilibino,97,RU,1562188341,65,68.06,166.44,49.62,2.19
271,Avarua,0,CK,1562188116,53,-21.21,-159.78,75.2,18.34
272,Dwarka,75,IN,1562188343,56,28.58,77.04,98.01,4.7
273,Geraldton,75,CA,1562188072,50,49.72,-86.95,75.2,9.17
274,Saint-Joseph,0,FR,1562188346,74,43.56,6.97,84.2,2.24
275,Timra,0,SE,1562188348,54,62.49,17.33,53.6,5.82
276,Presidencia Roque Saenz Pena,0,AR,1562188350,56,-26.79,-60.44,56.64,5.08
277,Baneh,0,IR,1562188352,28,35.99,45.88,71.6,8.05
278,Honiara,40,SB,1562188337,94,-9.43,159.96,77.0,3.36
279,Hereford,21,GB,1562188335,67,52.06,-2.72,66.99,3.47
280,Te Anau,28,NZ,1562188355,74,-45.41,167.72,42.42,3.51
281,Iquitos,75,PE,1562188357,319,-3.75,-73.25,42.8,4.7
282,Amazar,100,RU,1562188359,80,53.86,120.88,46.74,6.51
283,Tessalit,30,ML,1562188360,21,20.2,1.01,94.62,19.77
284,Caetes,78,BR,1562188362,88,-8.77,-36.62,72.48,7.36
285,Airai,5,TL,1562188364,79,-8.93,125.41,65.1,5.41
286,Badulla,99,LK,1562188365,72,6.99,81.06,67.98,5.97
287,Tazovskiy,52,RU,1562188343,58,67.47,78.7,56.64,5.46
288,Vuktyl,66,RU,1562188368,87,63.86,57.31,61.68,7.54
289,Belgrade,0,RS,1562188369,60,44.82,20.46,75.2,4.05
290,Daru,95,PG,1562188371,86,-9.07,143.21,73.2,7.43
291,Esterhazy,90,CA,1562188372,68,50.65,-102.08,63.48,8.97
292,Klichka,1,RU,1562188374,52,50.44,118.0,61.86,1.34
293,Bardsir,0,IR,1562188375,14,29.93,56.57,84.2,6.93
294,Krasnoyarskiy,0,RU,1562188377,93,51.97,59.9,57.9,10.4
295,Huarmey,0,PE,1562188378,86,-10.07,-78.15,63.12,13.76
296,Omboue,40,GA,1562188380,85,-1.57,9.26,73.2,9.91
297,Saint George,20,GR,1562188382,32,39.45,22.34,80.6,6.93
298,Meulaboh,100,ID,1562188198,82,4.14,96.13,81.12,7.99
299,Pevek,100,RU,1562188385,99,69.7,170.27,33.06,6.49
300,Cabra,0,ES,1562188386,54,37.47,-4.43,80.6,12.75
301,Flin Flon,75,CA,1562188190,51,54.77,-101.88,59.0,10.29
302,Praia da Vitoria,40,PT,1562188284,83,38.73,-27.07,72.0,9.6
303,Gazli,0,UZ,1562188390,26,40.13,63.45,75.72,7.4
304,San Ramon de la Nueva Oran,39,AR,1562188391,49,-23.13,-64.33,63.66,4.16
305,Tasiilaq,75,GL,1562188393,81,65.61,-37.64,44.6,2.24
306,Krasnyy Chikoy,100,RU,1562188395,94,50.36,108.75,55.92,3.02
307,Isangel,75,VU,1562188250,94,-19.55,169.27,68.0,4.65
308,Hearst,90,CA,1562188397,27,49.69,-83.67,87.78,8.97
309,Kavieng,70,PG,1562188116,70,-2.57,150.8,83.46,5.75
310,Sur,29,OM,1562188398,74,22.57,59.53,81.12,9.46
311,Noumea,0,NC,1562188401,93,-22.28,166.46,66.2,2.24
312,Mwinilunga,0,ZM,1562188403,48,-11.73,24.43,57.72,4.03
313,Half Moon Bay,75,US,1562188405,82,37.46,-122.43,73.4,12.75
314,Ketchikan,90,US,1562188407,93,55.34,-131.65,57.2,13.87
315,Katsuura,75,JP,1562188258,100,33.93,134.5,71.6,2.24
316,Bambanglipuro,0,ID,1562188409,89,-7.95,110.28,74.82,4.72
317,Derzhavinsk,83,KZ,1562188411,78,51.1,66.31,61.68,8.23
318,Skibbereen,20,IE,1562188413,82,51.55,-9.27,55.4,4.7
319,Hualmay,1,PE,1562188414,84,-11.1,-77.61,62.94,14.61
320,Olinda,90,AU,1562188415,100,-37.84,145.39,48.0,6.93
321,Chengdu,40,CN,1562188417,88,30.68,104.06,73.0,4.47
322,Vardo,40,US,1562188419,52,39.62,-77.74,95.0,4.7
323,Hovd,90,NO,1562188421,81,63.83,10.7,46.0,12.75
324,Mehamn,90,NO,1562188422,100,71.03,27.85,44.6,9.17
325,Leshukonskoye,98,RU,1562188259,97,64.9,45.76,56.28,3.8
326,San Carlos de Bariloche,75,AR,1562188156,70,-41.13,-71.31,42.8,12.75
327,Vredendal,0,ZA,1562188426,84,-31.68,18.49,58.08,11.25
328,Choya,36,RU,1562188427,89,52.01,86.55,53.58,2.37
329,Beloha,4,MG,1562188429,85,-25.17,45.06,60.42,3.27
330,Paamiut,28,GL,1562188431,75,61.99,-49.67,43.5,23.42
331,Iguape,97,BR,1562188433,96,-24.7,-47.56,66.9,3.76
332,Palkino,97,RU,1562188434,87,57.54,28.01,51.8,2.24
333,Athabasca,71,CA,1562188436,44,54.72,-113.29,62.58,8.14
334,Hervey Bay,40,AU,1562188437,82,-25.3,152.85,60.8,10.29
335,Tupik,57,RU,1562188439,78,54.43,119.94,44.76,8.21
336,Lannion,0,FR,1562188440,72,48.73,-3.46,62.01,3.36
337,Prieska,0,ZA,1562188442,28,-29.67,22.74,49.26,6.13
338,Mezhdurechensk,0,RU,1562188443,95,53.69,88.07,50.52,2.1
339,Clyde River,90,CA,1562188445,93,70.47,-68.59,37.4,13.87
340,Babenhausen,20,DE,1562188446,54,52.06,8.49,61.0,4.7
341,Saint Anthony,1,US,1562188448,36,43.97,-111.68,77.0,12.75
342,Beian,75,NO,1562188450,93,63.66,9.57,46.0,14.99
343,Mpraeso,97,GH,1562188451,97,6.6,-0.73,73.2,4.7
344,Nakamura,75,JP,1562188453,94,35.17,136.87,78.01,3.04
345,Coquimbo,0,CL,1562188455,58,-29.95,-71.34,59.0,10.29
346,Washington DC.,40,US,1562188339,52,38.9,-77.04,93.2,6.93
347,Sydney Mines,40,CA,1562188457,63,46.24,-60.22,64.0,13.87
348,Manokwari,100,ID,1562188459,90,-0.87,134.08,72.12,3.89
349,Tsurib,0,RU,1562188460,80,42.24,46.83,51.42,2.98
350,Malpe,40,IN,1562188461,88,13.35,74.72,80.6,6.93
351,Bintulu,90,MY,1562188463,94,3.17,113.03,73.4,8.05
352,Sao Jose da Coroa Grande,0,BR,1562188464,92,-8.9,-35.15,73.56,4.0
353,Bucerias,5,MX,1562188466,40,20.76,-105.33,89.01,16.11
354,Mogadouro,100,PT,1562188467,31,41.34,-6.71,76.62,0.67
355,Ahipara,100,NZ,1562188469,96,-35.17,173.16,61.14,5.88
356,Takoradi,95,GH,1562188471,93,4.89,-1.75,75.0,4.18
357,Abha,40,SA,1562188472,53,18.22,42.5,75.2,8.05
358,Pontal do Parana,75,BR,1562188474,93,-25.67,-48.51,64.99,10.29
359,Nyimba,0,ZM,1562188475,65,-14.56,30.81,67.8,2.48
360,Eureka,20,US,1562188444,77,40.8,-124.16,68.0,13.87
361,Obihiro,100,JP,1562188389,97,42.92,143.2,57.72,3.87
362,Ambulu,9,ID,1562188479,88,-8.35,113.61,75.54,2.71
363,Barreirinha,23,BR,1562188481,67,-2.8,-57.07,84.9,4.81
364,Pacific Grove,75,US,1562188483,63,36.62,-121.92,84.0,16.11
365,Veraval,0,FR,1562188484,59,49.65,0.71,64.99,10.29
366,Hobara,75,JP,1562188486,93,37.82,140.55,66.2,10.29
367,College,90,US,1562188487,53,64.86,-147.8,71.6,3.36
368,Acapulco,20,MX,1562188489,62,16.86,-99.88,89.6,9.17
369,Kieta,30,PG,1562188490,80,-6.22,155.63,79.5,6.17
370,Moerai,0,PF,1562188492,69,-22.43,-151.33,68.16,27.65
371,Harrison,40,US,1562188494,61,39.26,-84.82,86.0,3.36
372,Anadyr,0,RU,1562188488,63,64.73,177.51,66.0,11.32
373,Kununurra,36,AU,1562188496,32,-15.77,128.74,66.2,5.82
374,Sibiti,29,CG,1562188498,70,-3.69,13.35,72.66,2.1
375,Berezovyy,0,RU,1562188499,81,51.67,135.7,60.96,0.74
376,Adrar,5,DZ,1562188501,10,27.87,-0.29,105.8,5.82
377,Gladstone,18,AU,1562188503,68,-23.84,151.26,64.4,9.17
378,Arima,20,TT,1562188504,58,10.64,-61.28,87.8,14.99
379,Cockburn Town,0,TC,1562188506,76,21.46,-71.14,82.92,10.25
380,Tarakan,100,ID,1562188507,88,3.3,117.63,75.36,3.96
381,Carballo,0,ES,1562188509,73,43.21,-8.69,73.4,3.36
382,Zhaotong,100,CN,1562188510,98,27.34,103.71,58.8,3.22
383,Sibolga,100,ID,1562188512,78,1.74,98.78,81.48,6.8
384,Khatanga,100,RU,1562188513,94,71.98,102.47,52.14,6.93
385,Constitucion,75,MX,1562188514,26,23.99,-104.67,79.0,5.82
386,Smithers,90,CA,1562188311,56,54.78,-127.17,71.6,9.17
387,Clarksville,40,US,1562188344,74,36.53,-87.36,89.01,6.93
388,North Bend,90,US,1562188518,68,43.41,-124.22,75.0,12.75
389,Xingyi,80,CN,1562188519,97,24.19,102.82,58.98,3.94
390,Taoudenni,11,ML,1562188520,12,22.68,-3.98,103.26,11.25
391,Tangjiazhuang,100,CN,1562188521,90,33.27,105.76,57.0,0.72
392,Kralendijk,40,BQ,1562188273,66,12.15,-68.27,86.0,14.99
393,Gumla,100,IN,1562188524,95,23.04,84.54,73.02,5.26
394,Kisangani,38,CD,1562188525,75,0.52,25.21,75.72,2.28
395,High Rock,75,BS,1562188526,66,26.63,-78.28,87.8,1.12
396,Batticaloa,100,LK,1562188528,79,7.71,81.69,77.16,1.88
397,Hambantota,89,LK,1562188263,83,6.12,81.12,82.56,13.51
398,Cahors,0,FR,1562188530,71,44.45,1.44,75.99,1.99
399,Yulara,0,AU,1562188531,41,-25.24,130.99,41.0,8.05
400,Auxerre,0,FR,1562188532,52,47.8,3.58,69.8,10.29
401,Gweta,0,BW,1562188534,20,-20.21,25.26,63.84,11.21
402,Klaksvik,100,FO,1562188535,100,62.23,-6.59,50.0,10.29
403,Khandyga,74,RU,1562188536,49,62.65,135.58,54.84,9.15
404,Batagay-Alyta,100,RU,1562188538,95,67.8,130.41,35.94,1.54
405,Sarangani,69,PH,1562188539,74,5.4,125.46,81.12,4.63
406,Duki,0,PK,1562188540,27,30.15,68.58,87.96,7.45
407,Ekhabi,100,RU,1562188541,86,53.51,142.97,49.8,15.86
408,Pangoa,0,PE,1562188543,53,-12.12,-73.0,84.54,3.22
409,Vigeland,0,NO,1562188544,54,58.46,8.52,53.6,6.93
410,Petauke,0,ZM,1562188545,66,-14.25,31.33,66.36,11.56
411,Chabahar,20,IR,1562188546,79,25.29,60.65,86.0,0.56
412,Sinop,0,TR,1562188547,61,42.03,35.15,69.42,4.81
413,Touros,2,BR,1562188262,79,-5.2,-35.46,80.22,16.11
414,Den Helder,0,NL,1562188550,66,52.96,4.76,57.99,8.05
415,Dhidhdhoo,84,MV,1562188398,79,6.88,73.1,82.74,11.61
416,Lavrentiya,0,RU,1562188552,57,65.58,-170.99,59.88,8.5
417,Biak,95,ID,1562188553,98,-0.91,122.88,62.4,4.25
418,Kenai,1,US,1562188555,59,60.55,-151.26,77.0,8.05
419,Beringovskiy,0,RU,1562188556,47,63.05,179.32,64.92,7.54
420,Abnub,0,EG,1562188557,33,27.27,31.15,86.0,9.17
421,Tromso,75,NO,1562188559,81,69.65,18.96,50.0,8.05
422,Lagoa,0,PT,1562188560,77,37.14,-8.45,69.01,13.87
423,Pandan,100,PH,1562188561,71,11.72,122.09,82.92,2.13
424,Goundam,50,ML,1562188563,23,16.42,-3.66,98.4,20.11
425,Tiruchchendur,84,IN,1562188564,78,8.48,78.12,80.22,16.33
426,Koungheul,0,SN,1562188565,35,13.98,-14.8,95.52,7.38
427,Casimcea,0,RO,1562188567,88,44.71,28.38,68.0,4.7
428,Polson,20,US,1562188550,55,47.69,-114.16,69.01,5.82
429,Yangambi,100,CD,1562188569,79,0.77,24.47,75.72,2.06
430,Avera,1,US,1562188570,39,33.19,-82.53,100.4,8.05
431,Lazaro Cardenas,75,MX,1562188386,18,28.39,-105.62,93.2,16.11
432,Mount Isa,0,AU,1562188573,32,-20.73,139.49,53.6,5.82
433,San Quintin,100,PH,1562188574,92,17.54,120.52,75.0,3.65
434,Scarborough,0,GB,1562188564,67,54.28,-0.41,63.0,4.7
435,Codajas,89,BR,1562188576,65,-3.84,-62.06,83.28,2.06
436,Faya,40,SA,1562188577,53,18.39,42.45,75.2,8.05
437,Shieli,31,KZ,1562188579,39,44.18,66.74,80.58,7.78
438,Tiznit,0,MA,1562188500,85,29.7,-9.73,66.72,15.35
439,Ossora,33,RU,1562188581,72,59.24,163.07,59.34,3.44
440,Inhambane,0,MZ,1562188582,77,-23.87,35.38,58.08,3.04
441,Harper,40,US,1562188584,58,30.3,-99.24,87.01,10.29
442,Mkushi,1,ZM,1562188585,88,-13.61,29.4,56.1,3.58
443,Xichang,100,CN,1562188586,89,27.88,102.25,57.72,3.42
444,Kangaatsiaq,0,GL,1562188588,85,68.31,-53.46,42.6,6.06
445,Sola,34,TZ,1562188589,44,-3.17,33.8,71.76,6.62
446,Sysert,0,RU,1562188590,93,56.5,60.81,59.0,4.47
447,Tucumcari,1,US,1562188591,16,35.17,-103.73,98.6,8.05
448,Sao Joao da Barra,0,BR,1562188593,42,-21.64,-41.05,86.0,3.71
449,Casino,23,AU,1562188376,93,-28.86,153.05,68.0,6.93
450,Ajaccio,0,FR,1562188595,73,41.93,8.74,77.0,5.82
451,Alofi,75,NU,1562188596,73,-19.06,-169.92,75.2,17.22
452,Skjervoy,100,NO,1562188598,90,70.03,20.97,45.66,2.28
453,Hirado,90,JP,1562188599,100,33.32,129.49,72.0,5.82
454,Ouadda,100,CF,1562188600,90,8.07,22.4,68.52,1.54
455,Narwar,100,IN,1562188601,70,25.64,77.91,84.0,7.09
456,Morgan City,71,US,1562188602,74,29.7,-91.21,93.99,8.59
457,Teahupoo,75,PF,1562188604,57,-17.83,-149.27,80.6,6.93
458,Bundaberg,40,AU,1562188584,82,-24.87,152.35,60.8,10.29
459,Aosta,0,IT,1562188606,64,45.74,7.32,69.8,4.7
460,La Ronge,75,CA,1562188555,62,55.1,-105.3,57.2,9.17
461,Port Hardy,75,CA,1562188608,82,50.7,-127.42,59.0,6.93
462,Ithaca,90,US,1562188610,48,42.44,-76.5,88.0,3.36
463,Kokopo,78,PG,1562188611,96,-4.34,152.27,71.58,2.1
464,Ballitoville,0,ZA,1562188612,87,-29.54,31.21,53.01,1.12
465,Port-Gentil,40,GA,1562188321,88,-0.72,8.78,73.4,11.41
466,Griffith,0,AU,1562188615,100,-34.29,146.06,44.6,14.99
467,Bergama,0,TR,1562188616,45,39.12,27.18,84.2,13.87
468,Coahuayana,98,MX,1562188617,57,18.62,-100.35,89.22,0.78
469,Lima,90,PE,1562188618,77,-12.06,-77.04,64.4,6.93
470,Pimenta Bueno,0,BR,1562188620,51,-11.68,-61.19,85.98,4.61
471,Langarud,0,IR,1562188621,83,37.2,50.15,73.4,3.85
472,Dakoro,100,NE,1562188623,19,14.51,6.76,101.46,14.12
473,Oksfjord,75,NO,1562188624,100,70.24,22.35,48.2,5.82
474,Miedzyrzecz,0,PL,1562188625,47,52.44,15.58,59.0,2.24
475,Tocopilla,100,CL,1562188626,84,-22.09,-70.2,57.9,11.68
476,Menongue,0,AO,1562188627,38,-14.66,17.68,53.58,4.7
477,Auki,100,NG,1562188629,62,12.18,6.51,82.92,7.16
478,Aksarka,0,RU,1562188630,67,66.56,67.8,68.16,7.16
479,Lawrenceburg,20,US,1562188461,62,35.24,-87.33,91.0,9.17
480,Mangai,75,CD,1562188633,44,-4.07,19.59,81.3,0.4
481,Yatou,75,CM,1562188634,94,3.63,9.81,77.0,1.12
482,Fairbanks,90,US,1562188471,53,64.84,-147.72,71.6,3.36
483,Cutervo,0,PE,1562188637,39,-6.38,-78.82,73.38,4.45
484,Aykhal,90,RU,1562188638,66,65.95,111.51,48.2,4.47
485,Puerto del Rosario,40,ES,1562188597,73,28.5,-13.86,71.6,16.11
486,Primorsk,100,RU,1562188640,65,60.37,28.62,53.01,10.0
487,Dingle,100,PH,1562188642,87,11.0,122.67,74.64,4.99
488,Wakkanai,0,JP,1562188643,92,45.41,141.67,55.02,7.94
489,Brae,100,GB,1562188644,100,60.4,-1.35,51.8,17.22
490,Kavaratti,100,IN,1562188645,79,10.57,72.64,82.92,17.11
491,Kazachinskoye,26,RU,1562188647,96,57.69,93.28,63.48,2.1
492,Bom Jesus,10,BR,1562188648,42,-9.08,-44.36,80.76,3.65
493,Baruun-Urt,47,MN,1562188649,57,46.68,113.28,64.02,4.99
494,Igarka,0,RU,1562188651,64,67.47,86.57,67.08,2.19
495,Bell Ville,0,AR,1562188652,37,-32.63,-62.69,50.7,1.9
496,Panguna,98,PG,1562188653,79,-6.32,155.48,80.94,6.6
497,San Roque,0,ES,1562188654,60,36.21,-5.38,71.6,12.75
498,Bilma,5,NE,1562188656,28,18.69,12.92,94.8,14.38
499,Kadiri,93,IN,1562188657,66,14.11,78.16,76.62,15.46
500,Nampula,40,MZ,1562188658,100,-15.12,39.26,68.0,6.93
501,Senneterre,75,CA,1562188660,30,48.39,-77.24,86.0,4.7
502,Nouadhibou,0,MR,1562188661,73,20.93,-17.03,69.8,18.34
503,Jacareacanga,97,BR,1562188662,61,-6.22,-57.76,84.0,1.74
504,Sinaloa,5,MX,1562188663,13,32.55,-115.28,102.99,2.24
505,Segou,0,SN,1562188664,66,12.41,-12.29,87.8,6.93
506,Bethal,0,ZA,1562188666,65,-26.46,29.47,36.0,1.54
507,Callaguip,87,PH,1562188667,79,18.07,120.49,84.9,14.18
508,Bondo,95,CD,1562188668,93,3.81,23.69,69.24,2.71
509,Montargis,0,FR,1562188670,55,48.0,2.74,69.01,8.05
510,Egvekinot,19,RU,1562188671,45,66.32,-179.17,62.4,7.99
511,Tambovka,26,RU,1562188673,66,47.32,47.38,75.36,5.48
512,Seevetal,0,DE,1562188674,67,53.4,10.02,57.2,9.17
513,Fort Nelson,75,CA,1562188675,42,58.81,-122.69,68.0,2.24
514,Porto Walter,12,BR,1562188587,49,-8.27,-72.74,88.86,3.98
515,Rudnogorsk,61,RU,1562188677,61,57.27,103.75,51.6,4.25
516,Ravar,0,IR,1562188679,28,31.27,56.81,76.62,2.21
517,Whitianga,100,NZ,1562188680,99,-36.83,175.7,61.0,4.0
518,Kathmandu,75,NP,1562188681,88,27.71,85.32,73.4,3.36
519,Naze,100,NG,1562188682,97,5.43,7.07,74.28,3.89
520,Vilhena,40,BR,1562188673,45,-12.74,-60.15,86.0,10.29
521,Girona,0,ES,1562188685,64,41.98,2.82,82.0,3.36
522,Jaciara,33,BR,1562188686,50,-15.95,-54.98,79.32,3.74
523,Roald,75,NO,1562188687,87,62.58,6.12,46.4,21.92
524,Palmer,0,AU,1562188688,81,-34.85,139.16,50.0,3.36
525,Alakurtti,100,RU,1562188690,95,66.96,30.34,53.01,3.18
526,Makurdi,100,NG,1562188691,92,7.73,8.54,76.62,5.01
527,Kilifi,20,KE,1562188692,78,-3.63,39.85,77.0,9.17
528,Kirovskiy,82,RU,1562188693,96,45.09,133.51,58.26,6.04
529,Riyadh,0,SA,1562188695,9,24.63,46.72,95.0,6.93
530,Garachine,79,PA,1562188696,79,8.06,-78.36,80.94,5.23
531,Cabo San Lucas,5,MX,1562188470,54,22.89,-109.91,89.01,12.75
532,North Platte,20,US,1562188698,49,41.12,-100.77,90.0,11.41
533,Farmington,1,US,1562188495,12,36.73,-108.21,90.0,6.93
534,Butler,1,US,1562188701,66,41.43,-84.87,87.8,4.0
